--
-- PostgreSQL database dump
--

-- Dumped from database version 13.5 (Debian 13.5-1.pgdg110+1)
-- Dumped by pg_dump version 13.5 (Debian 13.5-1.pgdg110+1)

SET statement_timeout = 0;
SET lock_timeout = 0;
SET idle_in_transaction_session_timeout = 0;
SET client_encoding = 'UTF8';
SET standard_conforming_strings = on;
SELECT pg_catalog.set_config('search_path', '', false);
SET check_function_bodies = false;
SET xmloption = content;
SET client_min_messages = warning;
SET row_security = off;

SET default_tablespace = '';

SET default_table_access_method = heap;

--
-- Name: zonas_placa; Type: TABLE; Schema: public; Owner: placamar
--

CREATE TABLE public.zonas_placa (
    id bigint NOT NULL,
    descricao text,
    acesso_restrito boolean NOT NULL,
    num_embarcacoes_desembarque integer,
    max_pessoas_catamara integer,
    max_pessoas_miudas integer,
    atividades_autorizadas text,
    latitude double precision,
    longitude double precision,
    ponto_interesse_id bigint,
    qr_code_id bigint,
    subzona_id bigint,
    localidade_x character varying(255),
    nome_placa character varying(255)
);


ALTER TABLE public.zonas_placa OWNER TO placamar;

--
-- Name: zonas_placa_id_seq; Type: SEQUENCE; Schema: public; Owner: placamar
--

ALTER TABLE public.zonas_placa ALTER COLUMN id ADD GENERATED BY DEFAULT AS IDENTITY (
    SEQUENCE NAME public.zonas_placa_id_seq
    START WITH 1
    INCREMENT BY 1
    NO MINVALUE
    NO MAXVALUE
    CACHE 1
);


--
-- Name: zonas_subzona; Type: TABLE; Schema: public; Owner: placamar
--

CREATE TABLE public.zonas_subzona (
    id bigint NOT NULL,
    nome character varying(255) NOT NULL,
    descricao text,
    zona_id bigint NOT NULL,
    atividades_permitidas text,
    atividades_proibidas text,
    geometria public.geometry(Polygon,4326)
);


ALTER TABLE public.zonas_subzona OWNER TO placamar;

--
-- Name: zonas_subzona_id_seq; Type: SEQUENCE; Schema: public; Owner: placamar
--

ALTER TABLE public.zonas_subzona ALTER COLUMN id ADD GENERATED BY DEFAULT AS IDENTITY (
    SEQUENCE NAME public.zonas_subzona_id_seq
    START WITH 1
    INCREMENT BY 1
    NO MINVALUE
    NO MAXVALUE
    CACHE 1
);


--
-- Name: zonas_zona; Type: TABLE; Schema: public; Owner: placamar
--

CREATE TABLE public.zonas_zona (
    id bigint NOT NULL,
    nome character varying(255) NOT NULL,
    descricao text,
    restrita boolean NOT NULL,
    geometria public.geometry(Polygon,4326)
);


ALTER TABLE public.zonas_zona OWNER TO placamar;

--
-- Name: zonas_zona_id_seq; Type: SEQUENCE; Schema: public; Owner: placamar
--

ALTER TABLE public.zonas_zona ALTER COLUMN id ADD GENERATED BY DEFAULT AS IDENTITY (
    SEQUENCE NAME public.zonas_zona_id_seq
    START WITH 1
    INCREMENT BY 1
    NO MINVALUE
    NO MAXVALUE
    CACHE 1
);


--
-- Data for Name: zonas_placa; Type: TABLE DATA; Schema: public; Owner: placamar
--

COPY public.zonas_placa (id, descricao, acesso_restrito, num_embarcacoes_desembarque, max_pessoas_catamara, max_pessoas_miudas, atividades_autorizadas, latitude, longitude, ponto_interesse_id, qr_code_id, subzona_id, localidade_x, nome_placa) FROM stdin;
11	Área destinada a banhistas, podendo ser compartilhada com atividades da pesca artesanal, as quais não conflitem por espaço nem ofereçam risco de acidente.	f	\N	\N	\N		-8.751183	-35.091858	\N	8	2	\N	A.S. 1.1.11 QUIOSQUES TAMANDARÉ 2 - BANHISTA
10	Área destinada ao projeto que integra o programa Turismo Acessível, da Empresa Pernambucana de Turismo (EMPETUR) e tem por objetivo garantir o acesso ao lazer de pessoas com deficiência e/ou mobilidade reduzida.	f	\N	\N	\N		-8.750839	-35.091875	\N	7	2	\N	A.S. 1.1.10 PROJETO PRAIA SEM BARREIRAS
13	Área destinada ao apoitamento e abicagem de embarcações e ao embarque e desembarque de embarcações de turismo náutico.	f	\N	\N	\N		-8.75556111	-35.09310278	\N	10	2		A.S. 1.1.13. MARINA 3 - PONTAL MACEIÓ - APOITAMENTO/ABICAGEM
6	Área destinada ao apoitamento e abicagem de embarcações.	f	\N	\N	\N		-8.742092	-35.087039	\N	3	2	\N	A.S. 1.1.6. MARINA 1 IGREJINHA - APOITAMENTO/ABICAGEM
7	Área destinada ao apoitamento e abicagem de embarcações.	f	\N	\N	\N		-8.744803	-35.08665	\N	4	2	\N	A.S. 1.1.7. MARINA 2 IGREJINHA - APOITAMENTO /ABICAGEM
9	Área destinada a banhistas, podendo ser compartilhada com atividades da pesca artesanal, as quais não conflitem por espaço nem ofereçam risco de acidente.	f	\N	\N	\N		-8.750494	-35.091111	\N	6	2	\N	A.S. 1.1.9 QUIOSQUES TAMANDARÉ 1 - BANHISTA
34	Área destinada à conservação estuarina in situ, produção e exportação de biomassa para a pesca local, desenvolvimento de pesquisa e educação ambiental. Proíbe-se atividade náutica (turismo, lazer, transporte e pesca), exceto em situação de pesquisa devidamente aprovada pelas instituições competentes.	f	\N	\N	\N		-8.70968056	-35.09775833	\N	31	7		A.S. 2.1.4 TOCA DE BAIXO - ZONA DE PRESERVAÇÃO DA VIDA ESTUARINA (ZPVE) DO SANTUÁRIO DO MERO
4	Área destinada a banhistas, podendo ser compartilhada com atividades da pesca artesanal, as quais não conflitem por espaço nem ofereçam risco de acidente.	f	\N	\N	\N		-8.725956	-35.091067	\N	1	2		A.S. 1.1.4 CAMPAS/HOTEL - SUL - BANHISTAS
5	Área destinada preferencialmente às embarcações de turismo náutico, podendo ser compartilhada com atividades da pesca artesanal, as quais não conflitem por espaço nem ofereçam risco de acidente.	f	\N	\N	\N		-8.738458	-35.0872	\N	2	2		A.S. 1.1.5. AMENDOEIRA - EMBARQUE/DESEMBARQUE
12	Área destinada às embarcações de turismo náutico, podendo ser compartilhada com atividades da pesca artesanal, as quais não conflitem por espaço nem ofereçam risco de acidente.	f	\N	\N	\N		-8.752531	-35.092933	\N	9	2	\N	A.S. 1.1.12. TURISMO DE BASE COMUNITÁRIA - QUIOSQUES TAMANDARÉ - EMBARQUE/DESEMBARQUE
14	Área destinada às embarcações de turismo náutico, podendo ser compartilhada com atividades da pesca artesanal, as quais não conflitem por espaço nem ofereçam risco de acidente.	f	\N	\N	\N		-8.75899444	-35.09604444	\N	11	2		A.S. 1.1.14. FORTE DE TAMANDARÉ - EMBARQUE/ DESEMBARQUE
15	Área destinada a banhistas, podendo ser compartilhada com atividades da pesca artesanal, as quais não conflitem por espaço nem ofereçam risco de acidente.	f	\N	\N	\N		-8.75916944	-35.09648889	\N	12	2		A.S. 1.1.15. FORTE DE TAMANDARÉ - BANHISTA
16	Área de banho destinada ao uso turístico empresarial ou de base comunitária e ao uso recreativo, comportando a pesca artesanal, conforme a vocação local. O uso da piscina pelas atividades náuticas está condicionado aos parâmetros de conservação ambiental definidos pela APA de Guadalupe e pela APA Costa dos Corais, incluindo a capacidade de carga. O fundeio das embarcações deverá ser realizado na borda da área seletiva, em local destinado para tal fim.	f	\N	\N	\N		-8.74249167	-35.08095	\N	13	2		A.S. 1.1.16. PISCINA - PIRAMBU DO NORTE - BANHISTA.
17	Área de banho destinada ao uso turístico empresarial ou de base comunitária e ao uso recreativo, comportando a pesca artesanal, conforme a vocação local. O uso da piscina pelas atividades náuticas está condicionado aos parâmetros de conservação ambiental definidos pela APA de Guadalupe e pela APA Costa dos Corais, incluindo a capacidade de carga. O fundeio das embarcações deverá ser realizado na borda da área seletiva, em local destinado para tal fim.	f	\N	\N	\N		-8.74585556	-35.08378889	\N	14	2		A.S. 1.1.17. PISCINA - DA VAL 4 - BANHISTA.
8	Área destinada às embarcações de turismo náutico, podendo ser compartilhada com atividades da pesca artesanal, as quais não conflitem por espaço nem ofereçam risco de acidente.	f	\N	\N	\N		-8.750211	-35.090767	\N	5	2	\N	A.S. 1.1.8. JANGADEIROS TAMANDARÉ - EMBARQUE/DESEMBARQUE
35	Área destinada à conservação estuarina in situ, produção e exportação de biomassa para a pesca local, desenvolvimento de pesquisa e educação ambiental. Proíbe-se atividade náutica (turismo, lazer, transporte e pesca), exceto em situação de pesquisa devidamente aprovada pelas instituições competentes	f	\N	\N	\N		-8.6719	-35.122797	\N	32	8		A.S. 2.2.1 PEDRA DA MARGAÍDA/PIPIRÍ - ZONA DE PRESERVAÇÃO DA VIDA ESTUARINA (ZPVE) DO SANTUÁRIO DO MERO
36	Área destinada à conservação estuarina in situ, produção e exportação de biomassa para a pesca local, desenvolvimento de pesquisa e educação ambiental. Proíbe-se atividade náutica (turismo, lazer, transporte e pesca), exceto em situação de pesquisa devidamente aprovada pelas instituições competentes	f	\N	\N	\N		-8.683519	-35.113183	\N	33	8		A.S. 2.2.2 NOVA HOLANDA- ZONA DE PRESERVAÇÃO DA VIDA ESTUARINA (ZPVE) DO SANTUÁRIO DO MERO
2	(45m de comprimento, 30m de largura). Delimitada entre as coordenadas geográficas: 8°43'19.92"S, 35° 5'17.12"O; 8°43'20.24"S, 35° 5'15.69"O; 8°43'21.19"S, 35° 5'15.98"O; 8°43'20.84"S, 35° 5'17.45"O [Área destinada preferencialmente às embarcações de turismo náutico, podendo ser compartilhada com atividades da pesca artesanal, as quais não conflitem por espaço nem ofereçam risco de acidente.]	f	\N	\N	\N	\N	-8.7222	-35.0875	\N	70	2	CAMPAS/DIVISA CARNEIROS	A.S. 1.1.2 CAMPAS/DIVISA CARNEIROS - EMBARQUE/DESEMBARQUE
3	Área destinada a banhistas, podendo ser compartilhada com atividades da pesca artesanal, as quais não conflitem por espaço nem ofereçam risco de acidente.	f	\N	\N	\N	Banhistas, Embarque/Desembarque, Mergulho	-8.7236	-35.0867	\N	71	2	Campas Norte / Divisa Carneiros	A.S. 1.1.3 CAMPAS/HOTEL - NORTE - BANHISTAS
19	Área de banho destinada ao uso turístico empresarial ou de base comunitária e ao uso recreativo, comportando a pesca artesanal, conforme a vocação local. O uso da piscina pelas atividades náuticas está condicionado aos parâmetros de conservação ambiental definidos pela APA de Guadalupe e pela APA Costa dos Corais, incluindo a capacidade de carga. O fundeio das embarcações deverá ser realizado na borda da área seletiva, em local destinado para tal fim.	f	\N	\N	\N		-8.74925556	-35.08495278	\N	16	2		A.S. 1.1.19. PISCINA - DA VAL 2/PRAINHA- BANHISTA.
20	Área de banho destinada ao uso turístico de base comunitária, comportando a pesca artesanal, conforme a vocação local. O uso da piscina pelas atividades náuticas está condicionado aos parâmetros de conservação ambiental definidos pela APA de Guadalupe e pela APA Costa dos Corais, incluindo a capacidade de carga. O fundeio das embarcações deverá ser realizado na borda da área seletiva, em local destinado para tal fim.	f	\N	\N	\N		-8.75125556	-35.08516667	\N	17	2		A.S. 1.1.20. PISCINA - DA VAL 1 - BANHISTA.
21	Área destinada ao uso turístico de base comunitária para mergulho livre, comportando a pesca artesanal, conforme a vocação local. O uso da piscina pelas atividades náuticas está condicionado aos parâmetros de conservação ambiental definidos pela APA de Guadalupe e pela APA Costa dos Corais, incluindo a capacidade de carga. O fundeio das embarcações deverá ser realizado na borda da área seletiva, em local destinado para tal fim.	f	\N	\N	\N		-8.75961944	-35.085675	\N	18	2		A.S. 1.1.21. PISCINA - PIRAMBU DO SUL - ATIVIDADE DE MERGULHO.
22	Área destinada ao uso turístico de base comunitária para mergulho livre, comportando a pesca artesanal, conforme a vocação local. O uso da piscina pelas atividades náuticas está condicionado aos parâmetros de conservação ambiental definidos pela APA de Guadalupe e pela APA Costa dos Corais, incluindo a capacidade de carga. O fundeio das embarcações deverá ser realizado na borda da área seletiva, em local destinado para tal fim.	f	\N	\N	\N		-8.75899444	-35.08917778	\N	19	2		A.S. 1.1.22. TRÊS CABEÇOS - ATIVIDADE DE MERGULHO.
23	Área de banho destinada ao uso turístico empresarial ou de base comunitária e ao uso recreativo, comportando a pesca artesanal, conforme a vocação local. O uso da piscina pelas atividades náuticas está condicionado aos parâmetros de conservação ambiental definidos pela APA de Guadalupe e pela APA Costa dos Corais, incluindo a capacidade de carga. O fundeio das embarcações deverá ser realizado na borda da área seletiva, em local destinado para tal fim.	f	\N	\N	\N		-8.76082778	-35.08939722	\N	20	2		A.S. 1.1.23. PISCINA DO FORTE 1 - BANHISTA.
24	Área preferencialmente para mergulho livre, podendo comportar banhistas nas ocasiões de baixa-mar de sizígia e comportando a pesca artesanal, conforme a vocação local. O uso da piscina pelas atividades náuticas está condicionado aos parâmetros de conservação ambiental definidos pela APA de Guadalupe e pela APA Costa dos Corais, incluindo a capacidade de carga. O fundeio das embarcações deverá ser realizado na borda da área seletiva, em local destinado para tal fim.	f	\N	\N	\N		-8.76110833	-35.09148611	\N	21	2		A.S. 1.1.24. PISCINA DO FORTE 2 - ATIVIDADE DE MERGULHO.
25	Área destinada a banhistas, podendo ser compartilhada com atividades da pesca artesanal, as quais não conflitem por espaço nem ofereçam risco de acidente.	f	\N	\N	\N		-8.67023333	-35.07115	\N	22	3		AS 1.2.1. GAMELA/AVER O MAR - BANHISTA
26	Área pública destinada ao embarque/desembarque de passageiros, podendo ser compartilhada com atividades da pesca artesanal, as quais não conflitem por espaço nem ofereçam risco de acidente. É permitida a permanência da embarcação na Área Seletiva no máximo por 20 minutos.	f	\N	\N	\N		-8.67132778	-35.07128611	\N	23	3		A.S. 1.2.2 GAMELA/AVER O MAR - EMBARQUE/DESEMBARQUE.
27	Área pública destinada preferencialmente ao embarque/desembarque de passageiros das embarcações de turismo náutico, podendo ser compartilhada com atividades da pesca artesanal, as quais não conflitem por espaço nem ofereçam risco de acidente. É permitida a permanência da embarcação na Área Seletiva no máximo por 20 minutos.	f	\N	\N	\N		-8.66926944	-35.07092778	\N	24	3		A.S. 1.2.3 GAMELA/AVER O MAR - EMBARQUE/DESEMBARQUE DE EMBARCAÇÃO DE TURISMO.
28	Área que contribui para a manutenção dos terraços marinhos e falésias, paisagem costeira única no Estado de Pernambuco. Por isso, proíbe-se retirada e mobilização de sedimento, abertura de canal, além de comercialização de comida e bebida e festa náutica no local.	f	\N	\N	\N		-8.68926389	-35.08061389	\N	25	3		A.S. 1.2.4. TEJUCUSSÚ PROTEÇÃO DO BANCO DE AREIA.
29	Área destinada ao embarque e desembarque das atividades náuticas de lazer rebocada, como bananaboat e discoboat, podendo ser compartilhada com atividades da pesca artesanal, as quais não conflitem por espaço nem ofereçam risco de acidente.	f	\N	\N	\N		-8.73438611	-35.08875278	\N	26	3		A.S. 1.2.5. BANANABOAT - QUIOSQUE DO FUSCA - EMBARQUE/DESEMBARQUE
30	Área destinada à prática das atividades náuticas de lazer rebocada, como bananaboat e discoboat, podendo ser compartilhada com atividades da pesca artesanal, as quais não conflitem por espaço nem ofereçam risco de acidente.	f	\N	\N	\N		-8.72794722	-35.08827222	\N	27	3		A.S. 1.2.6. BANANABOAT - CAMPAS
31	Área destinada ao embarque, desembarque e fundeio de embarcações ligadas ao turismo de base comunitária e à pesca artesanal. O fundeio das embarcações deverá ser realizado na borda da área seletiva, em local destinado para tal fim.	f	\N	\N	\N		-8.69603611	-35.10459444	\N	28	7		A.S. 2.1.1 MANGUEIRA - EMBARQUE / DESEMBARQUE DE EMBARCAÇÃO DE TURISMO DE BASE COMUNITÁRIA E PESCA ARTESANAL
32	Área destinada ao embarque, desembarque e fundeio de embarcações ligadas ao turismo de base comunitária e à pesca artesanal. O fundeio das embarcações deverá ser realizado na borda da área seletiva, em local destinado para tal fim.	f	\N	\N	\N		-8.69878889	-35.10509444	\N	29	7		A.S. 2.1.2 AMARAGI - EMBARQUE / DESEMBARQUE E FUNDEIO DE EMBARCAÇÃO DE TURISMO DE BASE COMUNITÁRIA E PESCA ARTESANAL
33	Área destinada ao embarque, desembarque e fundeio de embarcações ligadas à pesca artesanal. O fundeio das embarcações deverá ser realizado na borda da área seletiva, em local destinado para tal fim.	f	\N	\N	\N		-8.70885278	-35.10415278	\N	30	7		A.S. 2.1.3 PORTO DA FOLHA - APOIO À PESCA ARTESANAL
38	Área destinada a banhistas, podendo ser compartilhada com atividades da pesca artesanal, as quais não conflitem por espaço nem ofereçam risco de acidente	f	\N	\N	\N		-8.68957778	-35.09609722	\N	35	9		A.S. 2.4.2 PRAINHA -BANHISTAS
39	Área destinada às embarcações de turismo náutico, podendo ser compartilhada com atividades da pesca artesanal, as quais não conflitem por espaço nem ofereçam risco de acidente	f	\N	\N	\N		-8.689825	-35.09541111	\N	36	9		A.S. 2.4.3 PRAINHA - EMBARQUE / DESEMBARQUE DE EMBARCAÇÃO DE TURISMO
40	Área destinada a banhistas, podendo ser compartilhada com atividades da pesca artesanal, as quais não conflitem por espaço nem ofereçam risco de acidente	f	\N	\N	\N		-8.69307778	-35.08986944	\N	37	9		A.S. 2.4.4 IGREJINHA - BANHISTAS 1
41	Área destinada às embarcações de turismo náutico, podendo ser compartilhada com atividades da pesca artesanal, as quais não conflitem por espaço nem ofereçam risco de acidente	f	\N	\N	\N		-8.69454167	-35.08861111	\N	38	9		A.S. 2.4.5 IGREJINHA - EMBARQUE/DESEMBARQUE DE EMBARCAÇÃO DE TURISMO
42	Área destinada a banhistas, podendo ser compartilhada com atividades da pesca artesanal, as quais não conflitem por espaço nem ofereçam risco de acidente	f	\N	\N	\N		-8.69521111	-35.08795	\N	39	9		A.S. 2.4.6 IGREJINHA - BANHISTAS 2
43	Área destinada a banhistas, podendo ser compartilhada com atividades da pesca artesanal, as quais não conflitem por espaço nem ofereçam risco de acidente	f	\N	\N	\N		-8.69740278	-35.08468611	\N	40	9		A.S. 2.4.7 RESTAURANTE 1-BANHISTAS
44	Área destinada às embarcações de turismo náutico, podendo ser compartilhada com atividades da pesca artesanal, as quais não conflitem por espaço nem ofereçam risco de acidente	f	\N	\N	\N		-8.69852778	-35.08318611	\N	41	9		A.S. 2.4.8 RESTAURANTE 1 -EMBARQUE / DESEMBARQUE DE EMBARCAÇÃO DE TURISMO
45	Área destinada ao uso preferencial da prática de atividades náuticas de lazer não motorizadas, como caiaque e Stand Up Paddle, podendo ser compartilhada com atividades da pesca artesanal, as quais não conflitem por espaço nem ofereçam risco de acidente	f	\N	\N	\N		-8.69944167	-35.08260556	\N	42	9		A.S. 2.4.9 RESTAURANTE 1 - BRINQUEDOS NÁUTICOS
46	Área destinada às embarcações de turismo náutico, podendo ser compartilhada com atividades da pesca artesanal, as quais não conflitem por espaço nem ofereçam risco de acidente	f	\N	\N	\N		-8.70099722	-35.08040556	\N	43	9		A.S. 2.4.10 PONTAL DE CARNEIROS - EMBARQUE / DESEMBARQUE DE EMBARCAÇÃO DE TURISMO
47	Área destinada ao uso atividades náuticas de lazer não motorizadas, como caiaque e Stand Up Paddle, podendo ser compartilhada com atividades da pesca artesanal, as quais não conflitem por espaço nem ofereçam risco de acidente	f	\N	\N	\N		-8.7014	-35.07930833	\N	44	9		A.S. 2.4.11 PONTAL DE CARNEIROS - BRINQUEDOS NÁUTICOS
48	Área destinada a banhistas, podendo ser compartilhada com atividades da pesca artesanal, as quais não conflitem por espaço nem ofereçam risco de acidente.	f	\N	\N	\N		-8.70178333	-35.07902778	\N	45	9		A.S. 2.4.12 PONTAL DE CARNEIROS - BANHISTAS
50	Área pública destinada a banhistas, podendo ser compartilhada com atividades da pesca artesanal, as quais não conflitem por espaço nem ofereçam risco de acidente.	f	\N	\N	\N		-8.68564167	-35.09256389	\N	47	9		A.S. 2.4.14 ARGILA - BANHISTA 1
51	Área pública destinada preferencialmente ao embarque/desembarque de passageiros das embarcações de turismo náutico do tipo miúda, podendo ser compartilhada com atividades da pesca artesanal, as quais não conflitem por espaço nem ofereçam risco de acidente. É permitida a permanência da embarcação na Área Seletiva no máximo por 20 minutos.	f	\N	\N	\N		-8.68591389	-35.09220278	\N	48	9		A.S. 2.4.15 ARGILA - EMBARQUE / DESEMBARQUE DE EMBARCAÇÃO DE TURISMO MIÚDA
52	Área pública destinada ao fundeio de embarcações miúdas ligadas ao transporte dos trabalhadores locais.	f	\N	\N	\N		-8.686	-35.09206667	\N	49	9		A.S. 2.4.16 ARGILA - FUNDEIO DE EMBARCAÇÕES EXCLUSIVA PARA TRABALHADORES LOCAIS
53	Área pública destinada preferencialmente ao embarque/desembarque de passageiros das embarcações de turismo náutico do tipo miúda, podendo ser compartilhada com atividades da pesca artesanal, as quais não conflitem por espaço nem ofereçam risco de acidente. É permitida a permanência da embarcação na Área Seletiva no máximo por 20 minutos.	f	\N	\N	\N		-8.68618611	-35.09181111	\N	50	9		A.S. 2.4.17 ARGILA- EMBARQUE / DESEMBARQUE DE EMBARCAÇÃO DE TURISMO MIÚDA
54	Área pública destinada a banhistas, podendo ser compartilhada com atividades da pesca artesanal, as quais não conflitem por espaço nem ofereçam risco de acidente.	f	\N	\N	\N		-8.68635	-35.09157778	\N	51	9		A.S. 2.4.18 ARGILA - BANHISTA 2
55	Área pública destinada preferencialmente ao embarque/desembarque de passageiros das embarcações de turismo náutico do tipo catamarã, podendo ser compartilhada com atividades da pesca artesanal, as quais não conflitem por espaço nem ofereçam risco de acidente. É permitida a permanência da embarcação na Área Seletiva no máximo por 20 minutos.	f	\N	\N	\N		-8.686475	-35.09105556	\N	52	9		A.S. 2.4.19 ARGILA- EMBARQUE / DESEMBARQUE DE EMBARCAÇÃO DO TIPO CATAMARÃ
56	Área pública destinada ao embarque/desembarque de passageiros, podendo ser compartilhada com atividades da pesca artesanal, as quais não conflitem por espaço nem ofereçam risco de acidente. É permitida a permanência da embarcação na Área Seletiva no máximo por 20 minutos. Contempla um píer flutuante conectado a sua margem, defrontante com a garagem náutica, com 5.0 m de comprimento e numa largura máxima de 1.50m, em direção ao estuário.	f	\N	\N	\N		-8.68493889	-35.095475	\N	53	9		A.S. 2.4.20 GUADALUPE - EMBARQUE / DESEMBARQUE
57	Área pública destinada ao embarque e desembarque.	f	\N	\N	\N		-8.68440833	-35.10199167	\N	54	9		A.S. 2.4.21 PÍER MARIASSÚ - EMBARQUE/DESEMBARQUE
58	Área destinada apenas ao estacionamento de embarcações de pesca.	f	\N	\N	\N		-8.66918333	-35.07120556	\N	55	10		A.S. 3.1.1 AVER O MAR - ESTACIONAMENTO DE BARCOS DE PESCA
59	Área destinada apenas ao estacionamento de embarcações de pesca.	f	\N	\N	\N		-8.74825833	-35.08699444	\N	56	11		A.S. 3.6.1. TAMANDARÉ PESCA 1 - ESTACIONAMENTO
18	Área preferencialmente para mergulho livre, podendo comportar banhistas nas ocasiões de baixa-mar de sizígia e comportando a pesca artesanal, conforme a vocação local. O uso da piscina pelas atividades náuticas está condicionado aos parâmetros de conservação ambiental definidos pela APA de Guadalupe e pela APA Costa dos Corais, incluindo a capacidade de carga. O fundeio das embarcações deverá ser realizado na borda da área seletiva, em local destinado para tal fim.	f	\N	\N	\N		-8.742625	-35.08091111	\N	15	2		A.S. 1.1.18. PISCINA - DA VAL 3/MATAFOME- ATIVIDADE DE MERGULHO.
37	Área destinada ao uso de atividades náuticas de lazer não motorizadas, como caiaque e Stand Up Paddle, podendo ser compartilhada com atividades da pesca artesanal, as quais não conflitem por espaço nem ofereçam risco de acidente	f	\N	\N	\N		-8.68946667	-35.09678611	\N	34	9		A.S. 2.4.1 PRAINHA - BRINQUEDOS NÁUTICOS
49	Área pública destinada preferencialmente ao embarque/desembarque de passageiros das embarcações de turismo náutico do tipo catamarã, podendo ser compartilhada com atividades da pesca artesanal, as quais não conflitem por espaço nem ofereçam risco de acidente. É permitida a permanência da embarcação na Área Seletiva no máximo por 20 minutos.	f	\N	\N	\N		-8.68581944	-35.09282778	\N	46	9		A.S. 2.4.13 ARGILA - EMBARQUE / DESEMBARQUE DE EMBARCAÇÃO DE TURISMO DO TIPO CATAMARÃ
60	Área destinada apenas ao estacionamento de embarcações de pesca e das Jangadas utilizadas na atividade turística náutica.	f	\N	\N	\N		-8.74995	-35.08899444	\N	57	11		A.S. 3.6.2. JANGADEIROS TAMANDARÉ 1 - ESTACIONAMENTO
61	Área destinada apenas ao estacionamento de embarcações de pesca e das Jangadas utilizadas na atividade turística náutica.	f	\N	\N	\N		-8.75564167	-35.09317222	\N	58	11		A.S. 3.6.3 JANGADEIROS TAMANDARÉ 2 - ESTACIONAMENTO
62	Área destinada apenas ao estacionamento de embarcações de pesca.	f	\N	\N	\N		-8.75861389	-35.09625556	\N	59	11		A.S. 3.6.4. TAMANDARÉ PESCA 2 - ESTACIONAMENTO
63	APA DE GUADALUPE - APAG - DECRETO nº 19.635/1997- Área de proteção e conservação dos sistemas naturais essenciais à Biodiversidade - Recursos hídricos, População local, Ecossistemas e Desenvolvimento Sustentável	f	0	0	0	Proteção ambiental e biodiversidade	-8.380691	-35.206794	\N	60	12	APA Guadalupe	APAG GUADALUPE1 - ZATAN
64	APA DE GUADALUPE - APAG - DECRETO nº 19.635/1997- Área de proteção e conservação dos sistemas naturais essenciais à Biodiversidade - Recursos hídricos, População local, Ecossistemas e Desenvolvimento Sustentável	f	0	0	0	Proteção ambiental e biodiversidade	-8.378933	-35.192853	\N	61	12	APA Guadalupe	APAG GUADALUPE2 - ZATAN
65	APA DE GUADALUPE - APAG - DECRETO nº 19.635/1997- Área de proteção e conservação dos sistemas naturais essenciais à Biodiversidade - Recursos hídricos, População local, Ecossistemas e Desenvolvimento Sustentável	f	0	0	0	Proteção ambiental e biodiversidade	-8.408161	-35.189359	\N	62	12	APA Guadalupe	APAG GUADALUPE3 - ZATAN
66	APA DE GUADALUPE - APAG - DECRETO nº 19.635/1997- Área de proteção e conservação dos sistemas naturais essenciais à Biodiversidade - Recursos hídricos, População local, Ecossistemas e Desenvolvimento Sustentável	f	0	0	0	Proteção ambiental e biodiversidade	-8.405502	-35.187048	\N	63	12	APA Guadalupe	APAG GUADALUPE4 - ZATAN
67	APA DE GUADALUPE - APAG - DECRETO nº 19.635/1997- Área de proteção e conservação dos sistemas naturais essenciais à Biodiversidade - Recursos hídricos, População local, Ecossistemas e Desenvolvimento Sustentável	f	0	0	0	Proteção ambiental e biodiversidade	-8.402844	-35.183938	\N	64	12	APA Guadalupe	APAG GUADALUPE5 - ZATAN
68	Banhistas compartilhada com pesca artesanal; Permitido 364 Usuários em simultâneo	f	\N	\N	200	Banhistas	-8.280183	-35.102544	\N	65	13	Ilha de Santo Aleixo - Praia	A.S. 4.1 ILHA DE SANTO ALEIXO -Praia
69	Conservação da Biodiversidade Marinha; Proteção aos Ambientes Recifais  (309 usuários por dia)	f	0	0	0	Banhistas	-8.281597	-35.10134	\N	66	13	Ilha de Santo Aleixo - Piscina	A.S. 4.2 ILHA DE SANTO ALEIXO- Piscina
70	Conservação da Biodiversidade Marinha; Proteção aos Ambientes Recifais	f	17	0	0	Fundeio de até 17 embarcações	-8.280641	-35.102594	\N	67	13	Ilha de Santo Aleixo - Fundeio	A.S. 4.3 Ilha de Santo Aleixo - Fundeio de embarcações
71	Conservação da Biodiversidade Marinha; Proteção aos Ambientes Recifais ; E/D embarcações de turismo náutico; pesca artesanal	f	2	0	0	Embarque/Desembarque	-8.281417	-35.102317	\N	68	13	Ilha de Santo Aleixo - E/D PLANO DE MANEJO (ESTUDO DE CARGA/SUPORTE E OPERACIONAL DE ATIVIDADES TURISMO NÁUTICO SUSTENTÁVEL	A.S. 4.4 Ilha de Santo Aleixo - Embarque/Desembarque
1	(120m de comprimento e 30m de largura) Localizada na coordenada geográfica: 8°40'22.04"S, 35° 3'56.31"O [Área de banho destinada ao uso turístico empresarial ou de base comunitária e ao uso recreativo, comportando a pesca artesanal, conforme a vocação local. O uso da piscina pelas atividades náuticas está condicionado aos parâmetros de conservação ambiental definidos pela APA de Guadalupe, incluindo a capacidade de carga. O fundeio das embarcações deverá ser realizado na borda da área seletiva, em local destinado para tal fim.]	f	\N	\N	\N	\N	-8.672788888888888	-35.06564166666666	\N	69	2	PISCINA GAMELA/AVER O MAR	A.S. 1.1.1 PISCINA GAMELA/AVER O MAR - BANHISTA
\.


--
-- Data for Name: zonas_subzona; Type: TABLE DATA; Schema: public; Owner: placamar
--

COPY public.zonas_subzona (id, nome, descricao, zona_id, atividades_permitidas, atividades_proibidas, geometria) FROM stdin;
3	Subzona Mar de Dentro	Abrange a área de mar próxima à costa desde a praia de Aver o Mar, em Sirinhaém, até o píer do CEPENE, em Tamandaré. Situada na zona de atuação da APA de Guadalupe, da APA Costa dos Corais e do Parque Natural Municipal do Forte de Tamandaré.	1	✅ Atividades Incentivadas: Circulação de embarcação em velocidade de até 10 nós (aproximadamente 18,52 km/h), conforme a NORMAN 3; Atividades de turismo; Embarcações de turismo com até 25 passageiros; Som ambiente de embarcações de turismo em deslocamento. ⚠️ Atividades Permitidas ou Toleradas (com restrições): Realização de eventos de esporte náutico não motorizado, com autorização prévia da Capitania dos Portos, da Prefeitura e das APAs de Guadalupe e Costa dos Corais, respeitando a jurisdição territorial das Unidades de Conservação e dos municípios; Prestação de serviços de turismo náutico, como: Passeio de orla; Aluguel de brinquedos náuticos; Atividades de mergulho autônomo com operadoras devidamente cadastradas e autorizadas pelas Prefeituras de Sirinhaém e Tamandaré e APAs de Guadalupe e Costa dos Corais; Embarcações de apoio ao turismo: Tipo catamarã com até 80 passageiros mais tripulação; Embarcações miúdas com até 9 passageiros mais tripulação; Som ambiente de embarcações de turismo em deslocamento (também classificado como incentivado anteriormente).	❌ Atividades Proibidas: Abertura de canal de navegação; Construção de pontos de apoio como píer, marinas e clubes, ou qualquer outro tipo de infraestrutura em ambiente recifal; Apoitamento e fundeio de embarcações, exceto em áreas seletivas conforme finalidade; Apoitamento e fundeio de embarcações com preparo, comercialização ou consumo de alimentos; Construção e instalação permanente ou temporária sobre recifes (exceto sinalização e pesquisa); Alimentação de peixes; Uso de nadadeiras, exceto para pesca, pesquisa ou em áreas seletivas para mergulho; Lançamento de âncora nos recifes; Eventos náuticos de embarcações motorizadas (competições, exibições, comemorações públicas), exceto eventos religiosos e culturais tradicionais locais; Comercialização e consumo de alimentos e bebidas alcoólicas; Circulação de embarcações que não respeitem: A distância mínima da linha da costa; A velocidade definida para a área (exceto situações de emergência, fiscalização ou abicagem em áreas selecionadas); Comércio fixo ou em embarcação fundeada.	0103000020E61000000100000012000000228E75711B8941C022B6CED2285721C03F7BCCCB128941C022B6CED2285721C080B412CD168941C0B7413C74B65721C0BCDE7244208941C0C9530717B65721C0728A8EE4F25721C061E74446B85721C06078C341F35721C03EC3AE00B95721C0FA368887CE5621C0B333107CAA5621C0244F1D5CD85621C0980379C5B55621C00BFE42405C8B41C0BAB7D374017821C00784C3F8568B41C0D5E76A2BF67721C01EA57425518B41C0B763396B2C7821C09D5A4184568B41C0D069039D367821C07BCB11814C8B41C02651917FB57421C03B943FA3258B41C093CC39DAAD7421C0384219BD2D8B41C0482D45900E7821C0A269270E518B41C0C875040E2C7821C0100D29CA568B41C04F66F89EF37721C0228E75711B8941C022B6CED2285721C0
9	Subzona Carneiros/ Guadalupe - Foz Rio Formoso	Situada na interseção dos municípios de Rio Formoso, Sirinhaém e Tamandaré e compreendida na Área de Proteção Ambiental de Guadalupe. Contempla o canal do rio Formoso desde o encontro dos 3 (três) rios (rio Formoso, Ariquindá e Mariassú) até a foz no Oceano Atlântico.	2	1. Circulação de embarcações com velocidade até 10 nós ou aproximadamente 18,52 km/h; 2. Turismo náutico em embarcação miúda e média; 3. Embarcações de apoio ao turismo do tipo catamarã com um quantitativo total de até 80 passageiros mais a tripulação e para embarcações miúdas um quantitativo total de 9 passageiros mais a tripulação; 4. Som ambiente de embarcações de turismo em deslocamento. 5. Atividade comercial de flyboard condicionada à delimitação de área devidamente sinalizada, não ultrapassando 40 m² e não posicionada no canal de navegação, e desde que não conflite por espaço nem ofereça risco de acidente.	1. Construção e operação de marina, garagem náutica e clube náutico; 2. Construção e funcionamento de rampa e estruturas de apoio náutico, exceto para as situações já existentes e para apoio às marinas, clube náuticos, garagens náuticas situadas em terra, com a devida permissão dos órgãos competentes; 3. Tráfego de embarcações motorizadas nas camboas, exceto emergência, pesquisa, fiscalização e atividade de pesca artesanal com o motor desligado; 4. Utilização de espingarda de mergulho ou arbalete, tridente ou petrechos similares; 5. Funcionamento de banana boat, disco boat ou qualquer tipo de flutuante rebocado para fins recreativos e de lazer, comercializados ou particular; 6. Eventos náuticos como regatas, competições, exibições, comemorações públicas, exceto eventos religiosos e culturais tradicionais locais.	0103000020E61000000100000055000000F2F6BE7C638C41C0EB0762C6016121C0164522474D8C41C0454772F90F6121C03B2678304F8C41C0AA5F9AC0386121C09213627D658C41C0A77A81BB286121C01FCE87184D8C41C03435A756106121C0F38D99E2358C41C0371AC05B206121C0186FEFCB378C41C0790E52DD496121C0C87390EA4E8C41C0AA5F9AC0386121C0D9F2686E368C41C029ED0DBE306121C0158AD6C6278C41C009AE907D416121C0CF41AA3B298C41C07CF36AE2596121C09C33A2B4378C41C08A201D80496121C0BB93625AAE8B41C0A3472A17DB6221C0BADA8AFD658B41C07C3DC13ADD6321C0FEF8E9037A8B41C08F9B56593D6421C03E2E48BEC38B41C03B2732C23D6321C06924E09B578B41C0D91520F79A6321C08CB583C23E8B41C0C05B2041F16321C0C1A6302B638B41C06ADE718A8E6421C0FEF8E9037A8B41C05B65F5703E6421C0218C014E3E8B41C07B13F4B5F26321C0BBB88D06F08A41C03D2D8E2CD56421C09E5E29CB108B41C0DD9113627D6521C0E4CAC670628B41C07BF03C2D8E6421C0E6D296FED68A41C0E66315FA116521C0E4EFF11CA48A41C0AA16FEF9A36521C0E8FC6383C18A41C0D8F0F44A596621C01F166A4DF38A41C09ABF7ED7C96521C068B4A405A48A41C053BC06CCA56521C00CB8D42E938A41C0D6E9DE4ED36521C06B99BD0AB48A41C0A575DFE27F6621C0029894F7C08A41C0C7DE29A8596621C01ECA9FD1928A41C0A2B37D66D46521C0B65F5124728A41C02E90A0F8316621C0F4D9635E968A41C060797DD3E16621C08534EE7EB38A41C05F2DB357816621C090C3AFBA4A8A41C034371B7AED6621C046D9AA86398A41C0600AFCCE1C6721C05DB5A733598A41C0EA4DD0D7CA6721C0A89FAC676A8A41C08A448E9A9C6721C0CA9D5D6F398A41C04FF8302C1D6721C0C5FB84C6268A41C0EF3AB96A4F6721C072AEFFFE458A41C09CA223B9FC6721C06EC772D6588A41C0FB5F9B7ACA6721C0C5FB84C6268A41C0CD162325506721C07A7E8D73FD8941C0B04D3DE5AB6721C01DEBE2361A8A41C087CD3C08636821C01997482D458A41C0F3FC1AE7FA6721C0A3DBD6C7E18B41C016B3E9B9235F21C0168EBE0DE28B41C014891C35395F21C0458DE00AD98B41C08B2291A3265F21C0B83FC850D98B41C0107A36AB3E5F21C079C341F3D78B41C06F37AE6C0C5F21C0738C0208D08B41C002BC0512145F21C0F90D7594D28B41C014891C35395F21C0696E36F4DA8B41C0A4285BD5305F21C07A58A835CD8B41C0C74CF11A305F21C04EABAC1ECE8B41C091ECC2AD465F21C0853334EDC48B41C0269BE7D7385F21C0DE4AEBBEC58B41C0F03AB96A4F5F21C04A312DD7C88B41C068FEFA5D275F21C017903231BF8B41C0A4285BD5305F21C0C0353B03C18B41C0AF0173694B5F21C0EB4DD0D7CA8B41C073D712F2415F21C0DAD06B77C08B41C078E6F87B3C5F21C0194DF2D4C18B41C04286CA0E535F21C0840BDB8BB78B41C01C7D1BC4435F21C02DB1E35DB98B41C0F82EB8F9595F21C0F500032EB58B41C057EC2FBB275F21C012EE5988AC8B41C04DCE63A7325F21C0FA0FE9B7AF8B41C0DA19083E555F21C050D579A3B88B41C0186E353A495F21C096B20C71AC8B41C0DA19083E555F21C0986FCC14AF8B41C097B6F4B7665F21C076E09C11A58B41C075925E72675F21C08126C286A78B41C06665ACD4775F21C0F54A5986388C41C09D125F4FB05E21C0D326C340398C41C0B7182981BA5E21C039D6C56D348C41C064CD17DDB65E21C016B22F28358C41C0A0F77754C05E21C0199802BF338D41C0968DE1C46A5E21C02323DCB3108D41C03230057E675E21C0CA0B25E20F8D41C0B55DDD00955E21C0C0804BED328D41C007A9EEA4985E21C0F2F6BE7C638C41C0EB0762C6016121C0
7	Subzona Rio Ariquindá	Situada no município de Tamandaré e na Área de Proteção Ambiental de Guadalupe, contempla o rio Ariquindá até desaguar no canal do rio Formoso	2	1. Circulação de embarcações e moto náuticas com velocidade até 3 (três) nós, aproximadamente 5,56 km/h; 2. Existência de estruturas de apoio à pesca artesanal e ao turismo de base comunitária, com tecnologias que respeitem a dinâmica estuarina, devendo haver o atendimento aos trâmites legais junto às instituições competentes e às especificidades das zonas e áreas seletivas; 3. Embarcações de apoio ao turismo do tipo catamarã com um quantitativo total de até 80 passageiros mais a tripulação, e para embarcações miúdas um quantitativo total de até 9 passageiros mais a tripulação	1. Ampliação de área construída de marina, clube náutico e/ou garagem náutica existentes na subzona; 2. Construção de marina, clube náutico, garagem náutica, rampa e estruturas de apoio náutico; 3. Operação de marina, clube náutico, garagem náutica, rampa e estruturas de apoio náutico, exceto para as já existentes com a devida permissão dos órgãos competentes; Ampliação de área construída de marina, clube náutico e/ou garagem náutica existentes na subzona; 4. Tráfego de embarcações motorizadas nas camboas, exceto emergência, pesquisa, fiscalização e atividade de pesca artesanal com o motor desligado; 5. Apoitamento e ancoragem no canal de navegação; 6. Utilização de espingarda de mergulho ou arbalete, tridente ou petrechos similares; 7. Eventos náuticos como regatas, competições, exibições, comemorações públicas, exceto eventos religiosos e culturais tradicionais locais; 8. Funcionamento de bananaboat, fly board, discoboat ou qualquer tipo de flutuante rebocado para fins recreativos e de lazer, comercializados ou particular; 9. Despejo de resíduos e efluentes de qualquer natureza proveniente das embarcações, das marinas e de qualquer tipo de empreendimento, inclusive da estação de tratamento de esgoto; 10. Funcionamento de comércio nos pontos de apoio à pesca artesanal.	0103000020E61000000100000012000000A70B00B7638D41C04F1D5CD85E6421C0927FB5CC5E8D41C03E0B91355F6421C0275633585E8D41C00B907BCD856421C03DE27D42638D41C00B907BCD856421C0A167B3EA738D41C0022C41A8C76521C03A90575C6B8D41C00C4A0DBCBC6521C0AED7A5E4608D41C0C114F89D396621C07FD883E7698D41C0EC2C8D72436621C0EB2BD3E0548D41C0F77754C0EE6A21C04B0F30E0528D41C056C64A7DF76A21C06BE19F3F5A8D41C0438AB2550D6B21C01487A8115C8D41C0E43BBC98046B21C0014A5658838C41C0BA6FF13F5B6B21C03AFE1ECF418C41C0933C7570616B21C082987140388C41C09E158D047C6B21C023B514413A8C41C07CAC423FA26B21C08E976E12838C41C05BB2797E8D6B21C0A70B00B7638D41C04F1D5CD85E6421C0
13	Subzona Plataforma Continental		1			0103000020E6100000010000000400000055336B29208D41C053CA6B25748F20C069E388B5F88C41C0AD4D637B2D9020C00762D9CC218D41C05ED5592DB08F20C055336B29208D41C053CA6B25748F20C0
11	Subzona Praia de Tamandaré	Orla marítima do município de Tamandaré inserida na zona de atuação da APA de Guadalupe, da APA Costa dos Corais e do Parque Natural Municipal do Forte de Tamandaré. Limita-se a norte com a praia dos Carneiros, a leste com o Oceano Atlântico, ao sul com o píer do CEPENE, e a oeste com a parte continental do município de Tamandaré.	3	1. Utilização de veículo de apoio às manobras de embarcações em terra, em frente às áreas de embarque/desembarque, marinas e clubes náuticos, cujos responsáveis devem sinalizar o espaço destinado a este fim; 2. Instalação de estruturas de apoio à pesca e ao turismo de base comunitária, com tecnologias que respeitem a dinâmica praial, devendo haver o atendimento aos trâmites legais junto às instituições competentes e às especificidades das zonas e áreas seletivas; 3. Na área seletiva de embarque e desembarque é permitido instalação de estruturas de apoio às atividades náuticas de turismo com tecnologias que respeitem a dinâmica praial, devendo haver o atendimento aos trâmites legais junto às instituições competentes e às especificidades dos sub territórios/zonas e áreas seletivas.	1. Operação de Marinas, clubes náuticos e/ou garagens náuticas sem a devida sinalização nas áreas de praia adjacentes utilizadas para manobra de embarcações. As placas deverão ser fixadas em local visível para os transeuntes e frequentadores da praia. A confecção e manutenção do material de sinalização é de responsabilidade das Marinas e Clubes Náuticos, devendo seguir o padrão instituído pela Prefeitura; 2. Construção e operação de marina, clube náutico, garagem náutica, rampa e estruturas de apoio náutico; 3. Ampliação de área construída de marina, clube náutico e/ou garagem náutica existentes na subzona existentes na subzona anteriormente à implementação deste instrumento; 4. Não praticar aterro de maceiós e manguezais, danos ou supressão da vegetação remanescente de mangues, restinga e floresta ombrófila, em qualquer estágio sucessional, a não ser em casos de utilidade pública ou interesse social, previstos em lei; 5. Intervenções realizadas na orla que não contemplem a acessibilidade de pessoas com mobilidades reduzidas; 6. Descarte e deposição de lixo na praia e terrenos adjacentes provenientes das atividades náuticas; 7. Circulação de veículos automotores e de tração animal na faixa de praia, exceto em casos previstos em legislações específicas; 8. Utilização de utensílios descartáveis de plástico, como canudos e copos, e de vidro, como garrafas; 9. Atividade de aluguel de moto náutica;	0103000020E6100000010000000D000000638093CF678B41C038454772F97F21C0D475BB71658B41C01E15B0BB048021C0BB02E45E738B41C039D6C56D348021C0C64809D4758B41C0AA605452278021C087179360E68221C013A8EB76E38221C088AB3F11ED8B41C087179360E68221C0FD1AE7FAEF8B41C0A4027697008321C01973D712F28B41C01D81030BFE8221C0EF7EB3583B8C41C06823260A698421C0A779C7293A8C41C05AF6736C798421C04EF50277518C41C013847A5C908421C01ABFA18E528C41C021B12CFA7F8421C0638093CF678B41C038454772F97F21C0
12	Area Proteção Ambiental	Área destinada à proteção dos terraços marinhos e falésias, na qual proíbe-se construções\r\nde apoio à atividade náutica, definitivas ou temporárias em faixa de 270m, em direção ao\r\ncontinente, conforme o plano de manejo da APAG, contados a partir da borda do terraço/\r\nfalésia. Proíbe-se também a construção e operação de barracas com fim gastronômico.	4		Área destinada à proteção dos terraços marinhos e falésias, na qual proíbe-se construções\r\nde apoio à atividade náutica, definitivas ou temporárias em faixa de 270m, em direção ao\r\ncontinente, conforme o plano de manejo da APAG, contados a partir da borda do terraço/\r\nfalésia. Proíbe-se também a construção e operação de barracas com fim gastronômico.	0103000020E610000001000000060000002881CD39789A41C057C345EEE9C220C0BEF73768AF9841C019C0948103C220C0051A6CEA3C9841C05701857AFAD020C01F645930F19741C0DFEC48F59DCF20C0EE3EC7478B9741C096C79A9141CE20C02881CD39789A41C057C345EEE9C220C0
8	Subzona Rio Formoso	Situada no município de Rio Formoso e na Área de Proteção Ambiental de Guadalupe, contempla o rio Formoso desde as proximidades da sede municipal, até o encontro dos 3 (três) rios (rio Ariquindá, rio Formoso e rio Mariassú) nas imediações do Reduto.	2	1. Circulação de embarcações e moto náuticas com velocidade até 3 (três) nós, aproximadamente 5,56km/h; 2. Apenas circulação de embarcação miúda; 3. Turismo náutico de base comunitária em embarcação miúda; 4. Instalação de estruturas de apoio à pesca artesanal e ao turismo de base comunitária, com tecnologias que respeitem a dinâmica estuarina, devendo haver o atendimento aos trâmites legais junto às instituições competentes e às especificidades das zonas e áreas seletivas.	1. Construção de marina, clube náutico, garagem náutica, rampa e estruturas de apoio náutico, exceto em situação de atendimento a atividade de pesca artesanal e turismo de base comunitária com a devida permissão dos órgãos competentes; 2. Operação de marina, clube náutico, garagem náutica, rampa e estruturas de apoio náutico, exceto para as já existentes com a devida permissão dos órgãos competentes; 3. Ampliação de área construída de marina, clube náutico e/ou garagem náutica existentes na subzona; 4. Tráfego de embarcações motorizadas nas camboas, exceto emergência, pesquisa, fiscalização e atividade de pesca artesanal com o motor desligado; 5. Apoitamento e ancoragem no canal de navegação; 6. Utilização de espingarda de mergulho ou arbalete, tridente ou petrechos similares; 7. Eventos náuticos como regatas, competições, exibições, comemorações públicas, exceto eventos religiosos e culturais tradicionais locais; 8. Funcionamento de bananaboat, fly board, discoboat ou qualquer tipo de flutuante rebocado para fins recreativos e de lazer, comercializados ou particular; 9. Turismo náutico em embarcação de médio e grande porte.	0103000020E61000000100000009000000F7BDC2D1B78F41C0635DDC46035821C0D4063A6DA08F41C0DDDB69BA005821C0C2F46ECAA08F41C053065D24295821C0226BBEE8B68F41C0D987CFB02B5821C0398F9DCA7C8E41C05123B842F65D21C0BC039EF0618E41C09895B152DF5D21C07C5FBE31538E41C00D275633585E21C0386744696F8E41C0F8C0F086835E21C0F7BDC2D1B78F41C0635DDC46035821C0
10	Subzona Praia da Gamela/Aver o Mar	Inserida no município de Sirinhaém e na zona de atuação da APA de Guadalupe, a subzona tem o limite norte com a praia da Gamela/ Aver o Mar, limite leste com o Oceano Atlântico, limite sul com a praia de Guadalupe e limite Oeste com o continente.	3	Instalação de estruturas de apoio à pesca artesanal com tecnologias que respeitem a dinâmica praial, devendo haver o atendimento aos trâmites legais junto às instituições competentes e às especificidades das zonas e áreas seletivas.	1. Construção e operação de marina, garagem náutica e clube náutico; 2. Construção e funcionamento de rampa e estruturas de apoio náutico, exceto para as situações já existentes e para apoio às marinas, clube náuticos, garagens náuticas situadas em terra, com a devida permissão dos órgãos competentes; 3. Fazer ponto fixo de comércio na faixa de praia. 4. Comercializar serviços de aluguel de brinquedos náuticos como boias, caiaque, Stand-Up Paddle, banana-boat ou qualquer objeto configurado como tal.	0103000020E61000000100000005000000CB337E431D8941C0CE63A7329F5621C020D1B5CD188941C0881B7BA7A05621C0C976BE9F1A8941C00B49532ACE5621C06C5021441F8941C085C7E09DCB5621C0CB337E431D8941C0CE63A7329F5621C0
2	Subzona Complexo Recifal	Abrange as áreas do complexo recifal próximas à costa desde a praia da Gamela/Aver o Mar, em Sirinhaém, até o píer do CEPENE, em Tamandaré. Situada na zona de atuação da APA de Guadalupe e da APA Costa dos Corais.	1	Circulação de embarcação em velocidade de até 10 nós ou aproximadamente 18,52 km/h, de acordo com a NORMAN 3;Atividades de turismo;Embarcações de turismo com até 25 passageiros; Som ambiente de embarcações de turismo em deslocamento.	Abertura de canal de navegação; Construção de pontos de apoio como píer, marinas e clubes, ou qualquer outro tipo de infraestrutura em área de ambiente recifal; Apoitamento e fundeio de embarcações, exceto em áreas seletivas de acordo com sua finalidade; Apoitamento e fundeio de embarcações que tenham preparo, comercialização e consumo de alimentos; Construção e instalação permanente e/ou temporária de qualquer natureza sobre os recifes, exceto para sinalização e pesquisa; Alimentação de peixes; Uso de nadadeiras, exceto para pesca, pesquisa e em áreas seletivas para fins de mergulho; Lançamento de âncora nos recifes; Eventos náuticos de embarcações motorizadas, como competições, exibições e comemorações públicas — exceto eventos religiosos e culturais tradicionais locais; Comercialização e consumo de alimentação e bebidas alcoólicas.	0103000020E610000001000000460000004CCB35F2668841C0A8C705C9775821C09A75287F468B41C0A857CA32C47121C0883B047B398B41C07B1568D9CF7121C08AF8C31E3C8B41C008610C70F27121C08B201D80498B41C068D9CFB1E57121C093A98251498B41C02391A326E77121C093169032318B41C0DB1EAA16FE7121C00AD6E9DE4E8B41C00FE5CF68497321C02D8D7243668B41C0857E44D7367321C097218E75718B41C0D7EB5272B07321C03968FEFA5D8B41C0A69A0A8FC17321C05DB4EDA16A8B41C0DF4D1974917421C0DD9113627D8B41C0FE8C96B4807421C0091B9E5E298B41C02B40EE35177A21C0B3550D73208B41C05F764F1E167A21C051B5F0CF1F8B41C0C77390EA4E7A21C023B6CED2288B41C04EF50277517A21C005A11E17248B41C057EF5D70F37B21C02BAC4185108B41C06337F708D37B21C0F5B820F90E8B41C0FA5BB333107C21C08965D1FF238B41C049C2ABD2037C21C06619E258178B41C00F0D29CA567D21C0E02CD60E0A8B41C094D34FD6337D21C05122FEB0078B41C0B78864176E7D21C00479C5B5168B41C08761E9B8697D21C06C09F9A0678B41C0D7A2B6AB1B8021C04A7AC99D5D8B41C0E560E744468021C0A2FC192D698B41C0B2E5D1DC6C8021C051D961EA728B41C0E96FCDCE408021C051D961EA728B41C0E96FCDCE408021C0A2FC192D698B41C07EAF70F46D8021C0DBD453BE7A8B41C078310966AE8021C0FD6383C1848B41C0B0BB0458828021C026BF58F28B8B41C07EAF70F46D8021C0C0A4BC07868B41C0F1F44A59868021C0F5DA1DF0848B41C09FA939B5828021C0DBD453BE7A8B41C0671F3EC3AE8021C01ECB5963818B41C0A62EB73FC88021C0405A89668B8B41C0462575029A8021C0405A89668B8B41C012EF131A9B8021C01542F491818B41C0830A21FAC88021C0FD610F9EA78B41C0125DDB8C718121C01668D9CFB18B41C022B45AAF4B8121C03BDE95FBA88B41C01E14F629168121C080915B44B28B41C022B45AAF4B8121C0FD610F9EA78B41C0CC14AF01738121C07ED49BA0AF8B41C0474E88F5958121C0F97A8275BA8B41C0D123958B6D8121C075DCB4CAEA8B41C00BB4ECE7D88221C03A47BB95D68B41C02CAEB5A8ED8221C07FFA80DEDF8B41C0F1CF1FAD448321C03C976D58F18B41C02D690129138321C0FAEC312F4B8C41C016699361A08421C040355EBA498C41C0F6291621B18421C08862A34A588C41C091A26C55C38421C04CA3DC90598C41C0C2F3B438B28421C0431A77BF598C41C0D30580DBB18421C0049EF061588C41C091A26C55C38421C0AF93ABF6748C41C0A46F8378E88421C0F7989725768C41C0D5C0CB5BD78421C03C4ED1915C8A41C090C523DE277C21C0E2C52498B98A41C0524D85C7E07D21C0790D984B5B8A41C04D621058397C21C045218DBBDF8A41C033EA966C9E7F21C07605C8BDE68A41C04E197491A48021C0DB8AFD65F78A41C0D396FED6EC8421C0F28A6B2D6A8B41C01B7879EB9A8421C01BE6405E718B41C048E3EE378B8521C057A11FD1B58B41C06CC2D0FDAF8521C04CCB35F2668841C0A8C705C9775821C0
\.


--
-- Data for Name: zonas_zona; Type: TABLE DATA; Schema: public; Owner: placamar
--

COPY public.zonas_zona (id, nome, descricao, restrita, geometria) FROM stdin;
3	Zona Ambiente Praial	Engloba a costa litorânea dos municípios de Sirinhaém, de Tamandaré e faixas de praia no canal do rio Formoso, do município de Rio Formoso, conforme delimitação no mapa do Zoneamento Ambiental e Territorial das Atividades Náuticas (Figura 53). Insere-se na zona de atuação da Área de Proteção Ambiental de Guadalupe, da Área de Proteção Ambiental Costa dos Corais e do Parque Natural Municipal do Forte de Tamandaré. Na porção continental, a Zona Ambiente Praial abrange uma faixa de 50m a partir da linha de preamar máxima, exceto nas falésias dos terraços marinhos da praia de Guadalupe, onde a faixa corresponde a 270m a partir da borda dos terraços, como caracterizado no Plano de Manejo da APA de Guadalupe	f	\N
1	Zona Marítima	Abrange a porção marítima do litoral dos municípios de Sirinhaém e Tamandaré, conforme delimitação no mapa do Zoneamento Ambiental e Territorial das Atividades Náuticas. Tem como limites o norte da praia de Aver o Mar, o sul da praia de Tamandaré, nas imediações do píer do CEPENE, e a leste o Oceano Atlântico, abrangendo até a linha de recifes de coral, e como limite oeste, a Zona Ambiente Praial. Está inserida na zona de atuação da APA de Guadalupe e da APA Costa dos Corais e do Parque Natural Municipal do Forte de Tamandaré	f	0103000020E6100000010000000400000055336B29208D41C053CA6B25748F20C069E388B5F88C41C0AD4D637B2D9020C00762D9CC218D41C05ED5592DB08F20C055336B29208D41C053CA6B25748F20C0
4	Zona de Proteção Ambiental	Delimitada entre as coordenadas geográficas: 8º40'23.40"S, 35° 4'43.47"O; 8º40'31.21"S, 35º4'39.35"O; 8º41'1.83"S, 35º5'4.28"O; 8º41'0.16"S, 35º5'12.97"O	t	0103000020E610000001000000060000002881CD39789A41C057C345EEE9C220C0BEF73768AF9841C019C0948103C220C0051A6CEA3C9841C05701857AFAD020C01F645930F19741C0DFEC48F59DCF20C0EE3EC7478B9741C096C79A9141CE20C02881CD39789A41C057C345EEE9C220C0
2	Zona Estuaria Santuário do Mero	Área Estuarina do rio Formoso, inserida nos municípios de Rio Formoso, Sirinhaém e Tamandaré, conforme delimitação no mapa do Zoneamento Ambiental e Territorial das Atividades Náuticas (Figura 53). Localiza-se na zona de atuação da Área de Proteção Ambiental de Guadalupe - APAG.	f	0103000020E6100000010000000B000000227680F45E8D41C00C907BCD856421C0AA6B1383898C41C01A7BB6C8586B21C0F37ED3DD578D41C09B2DE346066B21C04B0F30E0528D41C057C64A7DF76A21C0EB2BD3E0548D41C0FC7754C0EE6A21C07FD883E7698D41C0EB2C8D72436621C0ADD7A5E4608D41C0C514F89D396621C03990575C6B8D41C00A4A0DBCBC6521C0A067B3EA738D41C0022C41A8C76521C03DE27D42638D41C00C907BCD856421C0227680F45E8D41C00C907BCD856421C0
\.


--
-- Name: zonas_placa_id_seq; Type: SEQUENCE SET; Schema: public; Owner: placamar
--

SELECT pg_catalog.setval('public.zonas_placa_id_seq', 71, true);


--
-- Name: zonas_subzona_id_seq; Type: SEQUENCE SET; Schema: public; Owner: placamar
--

SELECT pg_catalog.setval('public.zonas_subzona_id_seq', 13, true);


--
-- Name: zonas_zona_id_seq; Type: SEQUENCE SET; Schema: public; Owner: placamar
--

SELECT pg_catalog.setval('public.zonas_zona_id_seq', 5, true);


--
-- Name: zonas_placa zonas_placa_pkey; Type: CONSTRAINT; Schema: public; Owner: placamar
--

ALTER TABLE ONLY public.zonas_placa
    ADD CONSTRAINT zonas_placa_pkey PRIMARY KEY (id);


--
-- Name: zonas_placa zonas_placa_qr_code_id_key; Type: CONSTRAINT; Schema: public; Owner: placamar
--

ALTER TABLE ONLY public.zonas_placa
    ADD CONSTRAINT zonas_placa_qr_code_id_key UNIQUE (qr_code_id);


--
-- Name: zonas_subzona zonas_subzona_pkey; Type: CONSTRAINT; Schema: public; Owner: placamar
--

ALTER TABLE ONLY public.zonas_subzona
    ADD CONSTRAINT zonas_subzona_pkey PRIMARY KEY (id);


--
-- Name: zonas_zona zonas_zona_pkey; Type: CONSTRAINT; Schema: public; Owner: placamar
--

ALTER TABLE ONLY public.zonas_zona
    ADD CONSTRAINT zonas_zona_pkey PRIMARY KEY (id);


--
-- Name: zonas_placa_ponto_interesse_id_673da157; Type: INDEX; Schema: public; Owner: placamar
--

CREATE INDEX zonas_placa_ponto_interesse_id_673da157 ON public.zonas_placa USING btree (ponto_interesse_id);


--
-- Name: zonas_placa_subzona_id_1f99bb77; Type: INDEX; Schema: public; Owner: placamar
--

CREATE INDEX zonas_placa_subzona_id_1f99bb77 ON public.zonas_placa USING btree (subzona_id);


--
-- Name: zonas_subzona_geometria_bdbcce3e_id; Type: INDEX; Schema: public; Owner: placamar
--

CREATE INDEX zonas_subzona_geometria_bdbcce3e_id ON public.zonas_subzona USING gist (geometria);


--
-- Name: zonas_subzona_zona_id_a88fdb9e; Type: INDEX; Schema: public; Owner: placamar
--

CREATE INDEX zonas_subzona_zona_id_a88fdb9e ON public.zonas_subzona USING btree (zona_id);


--
-- Name: zonas_zona_geometria_f946b85a_id; Type: INDEX; Schema: public; Owner: placamar
--

CREATE INDEX zonas_zona_geometria_f946b85a_id ON public.zonas_zona USING gist (geometria);


--
-- Name: zonas_placa zonas_placa_ponto_interesse_id_673da157_fk_zonas_pon; Type: FK CONSTRAINT; Schema: public; Owner: placamar
--

ALTER TABLE ONLY public.zonas_placa
    ADD CONSTRAINT zonas_placa_ponto_interesse_id_673da157_fk_zonas_pon FOREIGN KEY (ponto_interesse_id) REFERENCES public.zonas_pontodeinteresse(id) DEFERRABLE INITIALLY DEFERRED;


--
-- Name: zonas_placa zonas_placa_qr_code_id_0559d762_fk_zonas_qrcode_id; Type: FK CONSTRAINT; Schema: public; Owner: placamar
--

ALTER TABLE ONLY public.zonas_placa
    ADD CONSTRAINT zonas_placa_qr_code_id_0559d762_fk_zonas_qrcode_id FOREIGN KEY (qr_code_id) REFERENCES public.zonas_qrcode(id) DEFERRABLE INITIALLY DEFERRED;


--
-- Name: zonas_placa zonas_placa_subzona_id_1f99bb77_fk_zonas_subzona_id; Type: FK CONSTRAINT; Schema: public; Owner: placamar
--

ALTER TABLE ONLY public.zonas_placa
    ADD CONSTRAINT zonas_placa_subzona_id_1f99bb77_fk_zonas_subzona_id FOREIGN KEY (subzona_id) REFERENCES public.zonas_subzona(id) DEFERRABLE INITIALLY DEFERRED;


--
-- Name: zonas_subzona zonas_subzona_zona_id_a88fdb9e_fk_zonas_zona_id; Type: FK CONSTRAINT; Schema: public; Owner: placamar
--

ALTER TABLE ONLY public.zonas_subzona
    ADD CONSTRAINT zonas_subzona_zona_id_a88fdb9e_fk_zonas_zona_id FOREIGN KEY (zona_id) REFERENCES public.zonas_zona(id) DEFERRABLE INITIALLY DEFERRED;


--
-- PostgreSQL database dump complete
--

